{"@module": "pymatgen.core.structure", "@class": "Structure", "charge": 0.0, "lattice": {"matrix": [[25.5225256, 0.0, 1.5628039641098191e-15], [-12.761262799999994, 22.10315553833868, 1.5628039641098191e-15], [0.0, 0.0, 14.879004]], "a": 25.5225256, "b": 25.5225256, "c": 14.879004, "alpha": 90.0, "beta": 90.0, "gamma": 119.99999999999999, "volume": 8393.668021812642}, "sites": [{"species": [{"element": "Se", "occu": 1.0}], "abc": [0.08333333, 0.54166667, 0.144826], "xyz": [-4.785473677612625, 11.97254265694397, 2.154866633304001], "label": "Se", "properties": {}}, {"species": [{"element": "S", "occu": 1}], "abc": [0.83333333, 0.41666667, 0.355174], "xyz": [15.951578372387377, 9.209648214651635, 5.284635366696002], "label": "S", "properties": {}}, {"species": [{"element": "Mo", "occu": 1}], "abc": [0.16666667000000002, 0.70833333, 0.25], "xyz": [-4.7854734223873665, 15.656401765979378, 3.7197510000000014], "label": "Mo", "properties": {}}], "@version": null}