{"@module": "pymatgen.core.structure", "@class": "Structure", "charge": 0, "lattice": {"matrix": [[25.5225256, 0.0, 1.5628039641098191e-15], [-12.761262799999995, 22.10315553833868, 1.5628039641098191e-15], [0.0, 0.0, 14.879004]], "a": 25.5225256, "b": 25.522525600000005, "c": 14.879004, "alpha": 90.0, "beta": 90.0, "gamma": 119.99999999999999, "volume": 8393.668021812642}, "sites": [{"species": [{"element": "S", "occu": 1}], "abc": [0.20833332999999998, 0.54166667, 0.144826], "xyz": [-1.5951579776126261, 11.97254265694397, 2.1548666333040014], "label": "S", "properties": {}}, {"species": [{"element": "S", "occu": 1}], "abc": [0.20833332999999998, 0.66666667, 0.144826], "xyz": [-3.1903158276126256, 14.735437099236306, 2.1548666333040014], "label": "S", "properties": {}}, {"species": [{"element": "Mo", "occu": 1}], "abc": [0.66666667, 0.95833333, 0.25], "xyz": [4.785473677612632, 21.18219065056405, 3.7197510000000027], "label": "Mo", "properties": {}}], "@version": null}