{"@module": "pymatgen.core.structure", "@class": "Structure", "charge": 0.0, "lattice": {"matrix": [[25.5225256, 0.0, 1.5628039641098191e-15], [-12.761262799999994, 22.10315553833868, 1.5628039641098191e-15], [0.0, 0.0, 14.879004]], "a": 25.5225256, "b": 25.5225256, "c": 14.879004, "alpha": 90.0, "beta": 90.0, "gamma": 119.99999999999999, "volume": 8393.668021812642}, "sites": [{"species": [{"element": "Se", "occu": 1.0}], "abc": [0.08333333, 0.6666666666666666, 0.355174], "xyz": [-6.380631485075081, 14.735437025559118, 5.284635366696001], "label": "Se", "properties": {}}, {"species": [{"element": "S", "occu": 1}], "abc": [0.45833333, 0.54166667, 0.144826], "xyz": [4.785473422387376, 11.97254265694397, 2.154866633304002], "label": "S", "properties": {}}, {"species": [{"element": "Mo", "occu": 1}], "abc": [0.04166667, 0.70833333, 0.25], "xyz": [-7.975789122387367, 15.656401765979378, 3.7197510000000014], "label": "Mo", "properties": {}}], "@version": null}