{"@module": "pymatgen.core.structure", "@class": "Structure", "charge": 0, "lattice": {"matrix": [[25.5225256, 0.0, 1.5628039641098191e-15], [-12.761262799999995, 22.10315553833868, 1.5628039641098191e-15], [0.0, 0.0, 14.879004]], "a": 25.5225256, "b": 25.522525600000005, "c": 14.879004, "alpha": 90.0, "beta": 90.0, "gamma": 119.99999999999999, "volume": 8393.668021812642}, "sites": [{"species": [{"element": "S", "occu": 1}], "abc": [0.45833333, 0.79166667, 0.355174], "xyz": [1.5951577223873763, 17.49833154152864, 5.284635366696002], "label": "S", "properties": {}}, {"species": [{"element": "S", "occu": 1}], "abc": [0.83333333, 0.41666667, 0.355174], "xyz": [15.951578372387376, 9.209648214651635, 5.284635366696002], "label": "S", "properties": {}}, {"species": [{"element": "Mo", "occu": 1}], "abc": [0.41666667, 0.83333333, 0.25], "xyz": [1.2761263326028635e-07, 18.419296208271714, 3.719751000000002], "label": "Mo", "properties": {}}], "@version": null}