{"@module": "pymatgen.core.structure", "@class": "Structure", "charge": 0.0, "lattice": {"matrix": [[25.5225256, 0.0, 1.5628039641098191e-15], [-12.761262799999994, 22.10315553833868, 1.5628039641098191e-15], [0.0, 0.0, 14.879004]], "a": 25.5225256, "b": 25.5225256, "c": 14.879004, "alpha": 90.0, "beta": 90.0, "gamma": 119.99999999999999, "volume": 8393.668021812642}, "sites": [{"species": [{"element": "Se", "occu": 1.0}], "abc": [0.3333333333333333, 0.41666667, 0.144826], "xyz": [3.190315657462459, 9.209648214651635, 2.1548666333040014], "label": "Se", "properties": {}}, {"species": [{"element": "S", "occu": 1}], "abc": [0.58333333, 0.16666667000000002, 0.355174], "xyz": [12.761262672387373, 3.6838593300669653, 5.284635366696001], "label": "S", "properties": {}}, {"species": [{"element": "Mo", "occu": 1}], "abc": [0.79166667, 0.70833333, 0.25], "xyz": [11.166105077612636, 15.656401765979378, 3.7197510000000023], "label": "Mo", "properties": {}}], "@version": null}