{"@module": "pymatgen.core.structure", "@class": "Structure", "charge": 0.0, "lattice": {"matrix": [[25.5225256, 0.0, 1.5628039641098191e-15], [-12.761262799999994, 22.10315553833868, 1.5628039641098191e-15], [0.0, 0.0, 14.879004]], "a": 25.5225256, "b": 25.5225256, "c": 14.879004, "alpha": 90.0, "beta": 90.0, "gamma": 119.99999999999999, "volume": 8393.668021812642}, "sites": [{"species": [{"element": "Se", "occu": 1.0}], "abc": [0.70833333, 0.91666667, 0.144826], "xyz": [6.380631272387377, 20.261225983820975, 2.1548666333040027], "label": "Se", "properties": {}}, {"species": [{"element": "Se", "occu": 1.0}], "abc": [0.08333333, 0.6666666666666666, 0.144826], "xyz": [-6.380631485075081, 14.735437025559118, 2.1548666333040014], "label": "Se", "properties": {}}, {"species": [{"element": "Mo", "occu": 1}], "abc": [0.79166667, 0.45833333, 0.25], "xyz": [14.356420777612634, 10.13061288139471, 3.719751000000002], "label": "Mo", "properties": {}}], "@version": null}