{"@module": "pymatgen.core.structure", "@class": "Structure", "charge": 0, "lattice": {"matrix": [[25.5225256, 0.0, 1.5628039641098191e-15], [-12.761262799999995, 22.10315553833868, 1.5628039641098191e-15], [0.0, 0.0, 14.879004]], "a": 25.5225256, "b": 25.522525600000005, "c": 14.879004, "alpha": 90.0, "beta": 90.0, "gamma": 119.99999999999999, "volume": 8393.668021812642}, "sites": [{"species": [{"element": "S", "occu": 1}], "abc": [0.70833333, 0.16666667000000002, 0.144826], "xyz": [15.951578372387372, 3.6838593300669653, 2.1548666333040014], "label": "S", "properties": {}}, {"species": [{"element": "S", "occu": 1}], "abc": [0.33333333, 0.29166667, 0.144826], "xyz": [4.785473422387373, 6.4467537723593, 2.154866633304001], "label": "S", "properties": {}}, {"species": [{"element": "Mo", "occu": 1}], "abc": [0.41666667, 0.33333333, 0.25], "xyz": [6.380631527612631, 7.367718439102374, 3.7197510000000014], "label": "Mo", "properties": {}}], "@version": null}