{"@module": "pymatgen.core.structure", "@class": "Structure", "charge": 0.0, "lattice": {"matrix": [[25.5225256, 0.0, 1.5628039641098191e-15], [-12.761262799999994, 22.10315553833868, 1.5628039641098191e-15], [0.0, 0.0, 14.879004]], "a": 25.5225256, "b": 25.5225256, "c": 14.879004, "alpha": 90.0, "beta": 90.0, "gamma": 119.99999999999999, "volume": 8393.668021812642}, "sites": [{"species": [{"element": "Se", "occu": 1.0}], "abc": [0.70833333, 0.16666667, 0.144826], "xyz": [15.951578372387372, 3.683859330066965, 2.1548666333040014], "label": "Se", "properties": {}}, {"species": [{"element": "W", "occu": 1.0}], "abc": [0.91666667, 0.95833333, 0.25], "xyz": [11.166105077612636, 21.18219065056405, 3.719751000000003], "label": "W", "properties": {}}, {"species": [{"element": "S", "occu": 1}], "abc": [0.08333333, 0.04166667, 0.355174], "xyz": [1.5951577223873723, 0.9209648877746301, 5.284635366696], "label": "S", "properties": {}}], "@version": null}