{"@module": "pymatgen.core.structure", "@class": "Structure", "charge": 0.0, "lattice": {"matrix": [[25.5225256, 0.0, 1.5628039641098191e-15], [-12.761262799999994, 22.10315553833868, 1.5628039641098191e-15], [0.0, 0.0, 14.879004]], "a": 25.5225256, "b": 25.5225256, "c": 14.879004, "alpha": 90.0, "beta": 90.0, "gamma": 119.99999999999999, "volume": 8393.668021812642}, "sites": [{"species": [{"element": "Se", "occu": 1.0}], "abc": [0.20833333, 0.79166667, 0.144826], "xyz": [-4.7854736776126225, 17.49833154152864, 2.154866633304002], "label": "Se", "properties": {}}, {"species": [{"element": "S", "occu": 1}], "abc": [0.33333333, 0.29166667, 0.144826], "xyz": [4.785473422387374, 6.4467537723593, 2.154866633304001], "label": "S", "properties": {}}, {"species": [{"element": "Mo", "occu": 1}], "abc": [0.04166667, 0.58333333, 0.25], "xyz": [-6.380631272387368, 12.893507323687045, 3.719751000000001], "label": "Mo", "properties": {}}], "@version": null}