{"@module": "pymatgen.core.structure", "@class": "Structure", "charge": 0.0, "lattice": {"matrix": [[25.5225256, 0.0, 1.5628039641098191e-15], [-12.761262799999994, 22.10315553833868, 1.5628039641098191e-15], [0.0, 0.0, 14.879004]], "a": 25.5225256, "b": 25.5225256, "c": 14.879004, "alpha": 90.0, "beta": 90.0, "gamma": 119.99999999999999, "volume": 8393.668021812642}, "sites": [{"species": [{"element": "Se", "occu": 1.0}], "abc": [0.70833333, 0.91666667, 0.144826], "xyz": [6.380631272387378, 20.261225983820975, 2.1548666333040027], "label": "Se", "properties": {}}, {"species": [{"element": "Se", "occu": 1.0}], "abc": [0.45833333, 0.91666667, 0.355174], "xyz": [-1.2761262091487424e-07, 20.261225983820975, 5.284635366696001], "label": "Se", "properties": {}}, {"species": [{"element": "Mo", "occu": 1}], "abc": [0.54166667, 0.95833333, 0.25], "xyz": [1.5951579776126348, 21.18219065056405, 3.7197510000000023], "label": "Mo", "properties": {}}], "@version": null}