{"@module": "pymatgen.core.structure", "@class": "Structure", "charge": 0.0, "lattice": {"matrix": [[25.5225256, 0.0, 1.5628039641098191e-15], [-12.761262799999994, 22.10315553833868, 1.5628039641098191e-15], [0.0, 0.0, 14.879004]], "a": 25.5225256, "b": 25.5225256, "c": 14.879004, "alpha": 90.0, "beta": 90.0, "gamma": 119.99999999999999, "volume": 8393.668021812642}, "sites": [{"species": [{"element": "W", "occu": 1.0}], "abc": [0.16666667, 0.20833333, 0.25], "xyz": [1.595157977612629, 4.60482399681004, 3.7197510000000005], "label": "W", "properties": {}}, {"species": [{"element": "S", "occu": 1}], "abc": [0.08333333, 0.04166667, 0.144826], "xyz": [1.595157722387372, 0.9209648877746301, 2.154866633304], "label": "S", "properties": {}}, {"species": [{"element": "S", "occu": 1}], "abc": [0.45833333, 0.66666667, 0.144826], "xyz": [3.1903155723873766, 14.735437099236306, 2.154866633304002], "label": "S", "properties": {}}], "@version": null}