{"@module": "pymatgen.core.structure", "@class": "Structure", "charge": 0, "lattice": {"matrix": [[25.5225256, 0.0, 1.5628039641098191e-15], [-12.761262799999995, 22.10315553833868, 1.5628039641098191e-15], [0.0, 0.0, 14.879004]], "a": 25.5225256, "b": 25.522525600000005, "c": 14.879004, "alpha": 90.0, "beta": 90.0, "gamma": 119.99999999999999, "volume": 8393.668021812642}, "sites": [{"species": [{"element": "S", "occu": 1}], "abc": [0.95833333, 0.66666667, 0.355174], "xyz": [15.951578372387377, 14.735437099236306, 5.284635366696002], "label": "S", "properties": {}}, {"species": [{"element": "S", "occu": 1}], "abc": [0.70833333, 0.66666667, 0.355174], "xyz": [9.570946972387375, 14.735437099236306, 5.284635366696001], "label": "S", "properties": {}}, {"species": [{"element": "Mo", "occu": 1}], "abc": [0.29166667, 0.83333333, 0.25], "xyz": [-3.190315572387367, 18.419296208271714, 3.719751000000002], "label": "Mo", "properties": {}}], "@version": null}