{"@module": "pymatgen.core.structure", "@class": "Structure", "charge": 0.0, "lattice": {"matrix": [[25.5225256, 0.0, 1.5628039641098191e-15], [-12.761262799999994, 22.10315553833868, 1.5628039641098191e-15], [0.0, 0.0, 14.879004]], "a": 25.5225256, "b": 25.5225256, "c": 14.879004, "alpha": 90.0, "beta": 90.0, "gamma": 119.99999999999999, "volume": 8393.668021812642}, "sites": [{"species": [{"element": "W", "occu": 1.0}], "abc": [0.04166667, 0.08333333, 0.25], "xyz": [1.2761262868643541e-07, 1.8419295545177048, 3.719751], "label": "W", "properties": {}}, {"species": [{"element": "S", "occu": 1}], "abc": [0.70833333, 0.16666667000000002, 0.144826], "xyz": [15.951578372387372, 3.6838593300669653, 2.1548666333040014], "label": "S", "properties": {}}, {"species": [{"element": "S", "occu": 1}], "abc": [0.45833333, 0.91666667, 0.144826], "xyz": [-1.2761262091487424e-07, 20.261225983820975, 2.1548666333040023], "label": "S", "properties": {}}], "@version": null}