{"@module": "pymatgen.core.structure", "@class": "Structure", "charge": 0, "lattice": {"matrix": [[25.5225256, 0.0, 1.5628039641098191e-15], [-12.761262799999995, 22.10315553833868, 1.5628039641098191e-15], [0.0, 0.0, 14.879004]], "a": 25.5225256, "b": 25.522525600000005, "c": 14.879004, "alpha": 90.0, "beta": 90.0, "gamma": 119.99999999999999, "volume": 8393.668021812642}, "sites": [{"species": [{"element": "S", "occu": 1}], "abc": [0.08333333, 0.54166667, 0.355174], "xyz": [-4.785473677612625, 11.97254265694397, 5.284635366696], "label": "S", "properties": {}}, {"species": [{"element": "S", "occu": 1}], "abc": [0.33333333, 0.79166667, 0.144826], "xyz": [-1.5951579776126241, 17.49833154152864, 2.154866633304002], "label": "S", "properties": {}}, {"species": [{"element": "Mo", "occu": 1}], "abc": [0.29166667, 0.20833332999999998, 0.25], "xyz": [4.7854736776126305, 4.6048239968100395, 3.719751000000001], "label": "Mo", "properties": {}}], "@version": null}