{"@module": "pymatgen.core.structure", "@class": "Structure", "charge": 0.0, "lattice": {"matrix": [[25.5225256, 0.0, 1.5628039641098191e-15], [-12.761262799999994, 22.10315553833868, 1.5628039641098191e-15], [0.0, 0.0, 14.879004]], "a": 25.5225256, "b": 25.5225256, "c": 14.879004, "alpha": 90.0, "beta": 90.0, "gamma": 119.99999999999999, "volume": 8393.668021812642}, "sites": [{"species": [{"element": "Se", "occu": 1.0}], "abc": [0.08333333, 0.54166667, 0.144826], "xyz": [-4.785473677612625, 11.97254265694397, 2.154866633304001], "label": "Se", "properties": {}}, {"species": [{"element": "W", "occu": 1.0}], "abc": [0.91666667, 0.08333333, 0.25], "xyz": [22.332210027612632, 1.8419295545177048, 3.719751000000002], "label": "W", "properties": {}}, {"species": [{"element": "S", "occu": 1}], "abc": [0.83333333, 0.54166667, 0.144826], "xyz": [14.356420522387378, 11.97254265694397, 2.1548666333040023], "label": "S", "properties": {}}], "@version": null}