{"@module": "pymatgen.core.structure", "@class": "Structure", "charge": 0.0, "lattice": {"matrix": [[25.5225256, 0.0, 1.5628039641098191e-15], [-12.761262799999994, 22.10315553833868, 1.5628039641098191e-15], [0.0, 0.0, 14.879004]], "a": 25.5225256, "b": 25.5225256, "c": 14.879004, "alpha": 90.0, "beta": 90.0, "gamma": 119.99999999999999, "volume": 8393.668021812642}, "sites": [{"species": [{"element": "W", "occu": 1.0}], "abc": [0.41666667, 0.95833333, 0.25], "xyz": [-1.5951577223873645, 21.18219065056405, 3.7197510000000023], "label": "W", "properties": {}}, {"species": [{"element": "S", "occu": 1}], "abc": [0.70833333, 0.66666667, 0.144826], "xyz": [9.570946972387375, 14.735437099236306, 2.1548666333040023], "label": "S", "properties": {}}, {"species": [{"element": "S", "occu": 1}], "abc": [0.45833333, 0.16666667000000002, 0.355174], "xyz": [9.570946972387373, 3.6838593300669653, 5.284635366696], "label": "S", "properties": {}}], "@version": null}