{"@module": "pymatgen.core.structure", "@class": "Structure", "charge": 0.0, "lattice": {"matrix": [[25.5225256, 0.0, 1.5628039641098191e-15], [-12.761262799999994, 22.10315553833868, 1.5628039641098191e-15], [0.0, 0.0, 14.879004]], "a": 25.5225256, "b": 25.5225256, "c": 14.879004, "alpha": 90.0, "beta": 90.0, "gamma": 119.99999999999999, "volume": 8393.668021812642}, "sites": [{"species": [{"element": "W", "occu": 1.0}], "abc": [0.04166667, 0.20833333, 0.25], "xyz": [-1.5951577223873707, 4.60482399681004, 3.7197510000000005], "label": "W", "properties": {}}, {"species": [{"element": "S", "occu": 1}], "abc": [0.70833333, 0.04166667, 0.355174], "xyz": [17.546736222387374, 0.9209648877746301, 5.284635366696], "label": "S", "properties": {}}, {"species": [{"element": "S", "occu": 1}], "abc": [0.08333333, 0.04166667, 0.355174], "xyz": [1.595157722387372, 0.9209648877746301, 5.2846353666959995], "label": "S", "properties": {}}], "@version": null}