{"@module": "pymatgen.core.structure", "@class": "Structure", "charge": 0.0, "lattice": {"matrix": [[25.5225256, 0.0, 1.5628039641098191e-15], [-12.761262799999994, 22.10315553833868, 1.5628039641098191e-15], [0.0, 0.0, 14.879004]], "a": 25.5225256, "b": 25.5225256, "c": 14.879004, "alpha": 90.0, "beta": 90.0, "gamma": 119.99999999999999, "volume": 8393.668021812642}, "sites": [{"species": [{"element": "Se", "occu": 1.0}], "abc": [0.45833333, 0.29166667, 0.144826], "xyz": [7.975789122387375, 6.4467537723593, 2.1548666333040014], "label": "Se", "properties": {}}, {"species": [{"element": "S", "occu": 1}], "abc": [0.83333333, 0.29166667, 0.355174], "xyz": [17.546736222387377, 6.4467537723593, 5.284635366696001], "label": "S", "properties": {}}, {"species": [{"element": "Mo", "occu": 1}], "abc": [0.79166667, 0.83333333, 0.25], "xyz": [9.570947227612637, 18.419296208271714, 3.7197510000000027], "label": "Mo", "properties": {}}], "@version": null}