{"@module": "pymatgen.core.structure", "@class": "Structure", "charge": 0, "lattice": {"matrix": [[25.5225256, 0.0, 1.5628039641098191e-15], [-12.761262799999995, 22.10315553833868, 1.5628039641098191e-15], [0.0, 0.0, 14.879004]], "a": 25.5225256, "b": 25.522525600000005, "c": 14.879004, "alpha": 90.0, "beta": 90.0, "gamma": 119.99999999999999, "volume": 8393.668021812642}, "sites": [{"species": [{"element": "S", "occu": 1}], "abc": [0.70833333, 0.04166667, 0.144826], "xyz": [17.546736222387374, 0.9209648877746301, 2.1548666333040014], "label": "S", "properties": {}}, {"species": [{"element": "S", "occu": 1}], "abc": [0.58333333, 0.66666667, 0.144826], "xyz": [6.380631272387376, 14.735437099236306, 2.154866633304002], "label": "S", "properties": {}}, {"species": [{"element": "Mo", "occu": 1}], "abc": [0.16666667000000002, 0.45833333, 0.25], "xyz": [-1.595157722387369, 10.13061288139471, 3.719751000000001], "label": "Mo", "properties": {}}], "@version": null}