{"@module": "pymatgen.core.structure", "@class": "Structure", "charge": 0.0, "lattice": {"matrix": [[25.5225256, 0.0, 1.5628039641098191e-15], [-12.761262799999994, 22.10315553833868, 1.5628039641098191e-15], [0.0, 0.0, 14.879004]], "a": 25.5225256, "b": 25.5225256, "c": 14.879004, "alpha": 90.0, "beta": 90.0, "gamma": 119.99999999999999, "volume": 8393.668021812642}, "sites": [{"species": [{"element": "Se", "occu": 1.0}], "abc": [0.95833333, 0.16666667, 0.355174], "xyz": [22.332209772387376, 3.683859330066965, 5.284635366696001], "label": "Se", "properties": {}}, {"species": [{"element": "W", "occu": 1.0}], "abc": [0.16666667, 0.08333333, 0.25], "xyz": [3.190315827612628, 1.8419295545177048, 3.7197510000000005], "label": "W", "properties": {}}, {"species": [{"element": "S", "occu": 1}], "abc": [0.45833333, 0.66666667, 0.144826], "xyz": [3.1903155723873766, 14.735437099236306, 2.154866633304002], "label": "S", "properties": {}}], "@version": null}