{"@module": "pymatgen.core.structure", "@class": "Structure", "charge": 0.0, "lattice": {"matrix": [[25.5225256, 0.0, 1.5628039641098191e-15], [-12.761262799999994, 22.10315553833868, 1.5628039641098191e-15], [0.0, 0.0, 14.879004]], "a": 25.5225256, "b": 25.5225256, "c": 14.879004, "alpha": 90.0, "beta": 90.0, "gamma": 119.99999999999999, "volume": 8393.668021812642}, "sites": [{"species": [{"element": "Se", "occu": 1.0}], "abc": [0.08333333, 0.6666666666666666, 0.355174], "xyz": [-6.380631485075082, 14.735437025559118, 5.284635366696], "label": "Se", "properties": {}}, {"species": [{"element": "S", "occu": 1}], "abc": [0.95833333, 0.79166667, 0.355174], "xyz": [14.356420522387378, 17.49833154152864, 5.284635366696002], "label": "S", "properties": {}}, {"species": [{"element": "Mo", "occu": 1}], "abc": [0.41666667, 0.08333333, 0.25], "xyz": [9.57094722761263, 1.8419295545177048, 3.719751000000001], "label": "Mo", "properties": {}}], "@version": null}