{"@module": "pymatgen.core.structure", "@class": "Structure", "charge": 0, "lattice": {"matrix": [[25.5225256, 0.0, 1.5628039641098191e-15], [-12.761262799999995, 22.10315553833868, 1.5628039641098191e-15], [0.0, 0.0, 14.879004]], "a": 25.5225256, "b": 25.522525600000005, "c": 14.879004, "alpha": 90.0, "beta": 90.0, "gamma": 119.99999999999999, "volume": 8393.668021812642}, "sites": [{"species": [{"element": "S", "occu": 1}], "abc": [0.95833333, 0.04166667, 0.144826], "xyz": [23.927367622387372, 0.9209648877746301, 2.154866633304002], "label": "S", "properties": {}}, {"species": [{"element": "S", "occu": 1}], "abc": [0.83333333, 0.04166667, 0.144826], "xyz": [20.737051922387373, 0.9209648877746301, 2.1548666333040014], "label": "S", "properties": {}}, {"species": [{"element": "Mo", "occu": 1}], "abc": [0.16666667000000002, 0.58333333, 0.25], "xyz": [-3.1903155723873686, 12.893507323687045, 3.7197510000000014], "label": "Mo", "properties": {}}], "@version": null}