{"@module": "pymatgen.core.structure", "@class": "Structure", "charge": 0, "lattice": {"matrix": [[25.5225256, 0.0, 1.5628039641098191e-15], [-12.761262799999995, 22.10315553833868, 1.5628039641098191e-15], [0.0, 0.0, 14.879004]], "a": 25.5225256, "b": 25.522525600000005, "c": 14.879004, "alpha": 90.0, "beta": 90.0, "gamma": 119.99999999999999, "volume": 8393.668021812642}, "sites": [{"species": [{"element": "S", "occu": 1}], "abc": [0.33333333, 0.16666667000000002, 0.355174], "xyz": [6.380631272387372, 3.6838593300669653, 5.284635366696], "label": "S", "properties": {}}, {"species": [{"element": "S", "occu": 1}], "abc": [0.20833332999999998, 0.54166667, 0.355174], "xyz": [-1.595157977612626, 11.97254265694397, 5.284635366696], "label": "S", "properties": {}}, {"species": [{"element": "Mo", "occu": 1}], "abc": [0.04166667, 0.08333333, 0.25], "xyz": [1.2761262868643541e-07, 1.8419295545177048, 3.719751], "label": "Mo", "properties": {}}], "@version": null}