{"@module": "pymatgen.core.structure", "@class": "Structure", "charge": 0.0, "lattice": {"matrix": [[25.5225256, 0.0, 1.5628039641098191e-15], [-12.761262799999994, 22.10315553833868, 1.5628039641098191e-15], [0.0, 0.0, 14.879004]], "a": 25.5225256, "b": 25.5225256, "c": 14.879004, "alpha": 90.0, "beta": 90.0, "gamma": 119.99999999999999, "volume": 8393.668021812642}, "sites": [{"species": [{"element": "W", "occu": 1.0}], "abc": [0.91666667, 0.70833333, 0.25], "xyz": [14.356420777612636, 15.656401765979378, 3.7197510000000027], "label": "W", "properties": {}}, {"species": [{"element": "S", "occu": 1}], "abc": [0.33333333, 0.79166667, 0.144826], "xyz": [-1.5951579776126241, 17.49833154152864, 2.154866633304002], "label": "S", "properties": {}}, {"species": [{"element": "S", "occu": 1}], "abc": [0.33333333, 0.91666667, 0.144826], "xyz": [-3.190315827612622, 20.261225983820975, 2.154866633304002], "label": "S", "properties": {}}], "@version": null}