{"@module": "pymatgen.core.structure", "@class": "Structure", "charge": 0.0, "lattice": {"matrix": [[25.5225256, 0.0, 1.5628039641098191e-15], [-12.761262799999994, 22.10315553833868, 1.5628039641098191e-15], [0.0, 0.0, 14.879004]], "a": 25.5225256, "b": 25.5225256, "c": 14.879004, "alpha": 90.0, "beta": 90.0, "gamma": 119.99999999999999, "volume": 8393.668021812642}, "sites": [{"species": [{"element": "Se", "occu": 1.0}], "abc": [0.58333333, 0.79166667, 0.355174], "xyz": [4.785473422387376, 17.49833154152864, 5.284635366696001], "label": "Se", "properties": {}}, {"species": [{"element": "S", "occu": 1}], "abc": [0.70833333, 0.04166667, 0.144826], "xyz": [17.546736222387374, 0.9209648877746301, 2.1548666333040014], "label": "S", "properties": {}}, {"species": [{"element": "Mo", "occu": 1}], "abc": [0.41666667, 0.20833332999999998, 0.25], "xyz": [7.975789377612631, 4.6048239968100395, 3.719751000000001], "label": "Mo", "properties": {}}], "@version": null}