{"@module": "pymatgen.core.structure", "@class": "Structure", "charge": 0.0, "lattice": {"matrix": [[25.5225256, 0.0, 1.5628039641098191e-15], [-12.761262799999994, 22.10315553833868, 1.5628039641098191e-15], [0.0, 0.0, 14.879004]], "a": 25.5225256, "b": 25.5225256, "c": 14.879004, "alpha": 90.0, "beta": 90.0, "gamma": 119.99999999999999, "volume": 8393.668021812642}, "sites": [{"species": [{"element": "Se", "occu": 1.0}], "abc": [0.20833333, 0.04166667, 0.144826], "xyz": [4.785473422387373, 0.9209648877746301, 2.1548666333040005], "label": "Se", "properties": {}}, {"species": [{"element": "Se", "occu": 1.0}], "abc": [0.45833333, 0.79166667, 0.355174], "xyz": [1.5951577223873779, 17.49833154152864, 5.284635366696002], "label": "Se", "properties": {}}, {"species": [{"element": "W", "occu": 1.0}], "abc": [0.54166667, 0.70833333, 0.25], "xyz": [4.785473677612633, 15.656401765979378, 3.719751000000002], "label": "W", "properties": {}}], "@version": null}