{"@module": "pymatgen.core.structure", "@class": "Structure", "charge": 0.0, "lattice": {"matrix": [[25.5225256, 0.0, 1.5628039641098191e-15], [-12.761262799999994, 22.10315553833868, 1.5628039641098191e-15], [0.0, 0.0, 14.879004]], "a": 25.5225256, "b": 25.5225256, "c": 14.879004, "alpha": 90.0, "beta": 90.0, "gamma": 119.99999999999999, "volume": 8393.668021812642}, "sites": [{"species": [{"element": "Se", "occu": 1.0}], "abc": [0.08333333, 0.29166667, 0.144826], "xyz": [-1.5951579776126263, 6.4467537723593, 2.154866633304001], "label": "Se", "properties": {}}, {"species": [{"element": "Se", "occu": 1.0}], "abc": [0.95833333, 0.41666667, 0.355174], "xyz": [19.141894072387377, 9.209648214651635, 5.284635366696002], "label": "Se", "properties": {}}, {"species": [{"element": "W", "occu": 1.0}], "abc": [0.6666666666666666, 0.95833333, 0.25], "xyz": [4.785473592537548, 21.18219065056405, 3.7197510000000027], "label": "W", "properties": {}}], "@version": null}