{"@module": "pymatgen.core.structure", "@class": "Structure", "charge": 0.0, "lattice": {"matrix": [[25.5225256, 0.0, 1.5628039641098191e-15], [-12.761262799999994, 22.10315553833868, 1.5628039641098191e-15], [0.0, 0.0, 14.879004]], "a": 25.5225256, "b": 25.5225256, "c": 14.879004, "alpha": 90.0, "beta": 90.0, "gamma": 119.99999999999999, "volume": 8393.668021812642}, "sites": [{"species": [{"element": "Se", "occu": 1.0}], "abc": [0.20833333, 0.6666666666666666, 0.355174], "xyz": [-3.19031578507508, 14.735437025559118, 5.284635366696001], "label": "Se", "properties": {}}, {"species": [{"element": "S", "occu": 1}], "abc": [0.20833332999999998, 0.04166667, 0.144826], "xyz": [4.785473422387372, 0.9209648877746301, 2.1548666333040005], "label": "S", "properties": {}}, {"species": [{"element": "Mo", "occu": 1}], "abc": [0.04166667, 0.33333333, 0.25], "xyz": [-3.1903155723873695, 7.367718439102374, 3.7197510000000005], "label": "Mo", "properties": {}}], "@version": null}