{"@module": "pymatgen.core.structure", "@class": "Structure", "charge": 0.0, "lattice": {"matrix": [[25.5225256, 0.0, 1.5628039641098191e-15], [-12.761262799999994, 22.10315553833868, 1.5628039641098191e-15], [0.0, 0.0, 14.879004]], "a": 25.5225256, "b": 25.5225256, "c": 14.879004, "alpha": 90.0, "beta": 90.0, "gamma": 119.99999999999999, "volume": 8393.668021812642}, "sites": [{"species": [{"element": "Se", "occu": 1.0}], "abc": [0.83333333, 0.41666667, 0.144826], "xyz": [15.951578372387377, 9.209648214651635, 2.1548666333040023], "label": "Se", "properties": {}}, {"species": [{"element": "Se", "occu": 1.0}], "abc": [0.95833333, 0.6666666666666666, 0.355174], "xyz": [15.95157841492492, 14.735437025559118, 5.284635366696002], "label": "Se", "properties": {}}, {"species": [{"element": "W", "occu": 1.0}], "abc": [0.16666667, 0.3333333333333333, 0.25], "xyz": [8.507508765541485e-08, 7.367718512779559, 3.719751000000001], "label": "W", "properties": {}}], "@version": null}