{"@module": "pymatgen.core.structure", "@class": "Structure", "charge": 0.0, "lattice": {"matrix": [[25.5225256, 0.0, 1.5628039641098191e-15], [-12.761262799999994, 22.10315553833868, 1.5628039641098191e-15], [0.0, 0.0, 14.879004]], "a": 25.5225256, "b": 25.5225256, "c": 14.879004, "alpha": 90.0, "beta": 90.0, "gamma": 119.99999999999999, "volume": 8393.668021812642}, "sites": [{"species": [{"element": "W", "occu": 1.0}], "abc": [0.16666667, 0.58333333, 0.25], "xyz": [-3.190315572387368, 12.893507323687045, 3.7197510000000014], "label": "W", "properties": {}}, {"species": [{"element": "S", "occu": 1}], "abc": [0.58333333, 0.29166667, 0.144826], "xyz": [11.166104822387373, 6.4467537723593, 2.1548666333040014], "label": "S", "properties": {}}, {"species": [{"element": "S", "occu": 1}], "abc": [0.95833333, 0.41666667, 0.144826], "xyz": [19.141894072387377, 9.209648214651635, 2.1548666333040023], "label": "S", "properties": {}}], "@version": null}