{"@module": "pymatgen.core.structure", "@class": "Structure", "charge": 0.0, "lattice": {"matrix": [[25.5225256, 0.0, 1.5628039641098191e-15], [-12.761262799999994, 22.10315553833868, 1.5628039641098191e-15], [0.0, 0.0, 14.879004]], "a": 25.5225256, "b": 25.5225256, "c": 14.879004, "alpha": 90.0, "beta": 90.0, "gamma": 119.99999999999999, "volume": 8393.668021812642}, "sites": [{"species": [{"element": "W", "occu": 1.0}], "abc": [0.6666666666666666, 0.3333333333333333, 0.25], "xyz": [12.7612628, 7.367718512779559, 3.719751000000002], "label": "W", "properties": {}}, {"species": [{"element": "S", "occu": 1}], "abc": [0.33333333, 0.91666667, 0.355174], "xyz": [-3.1903158276126224, 20.261225983820975, 5.284635366696002], "label": "S", "properties": {}}, {"species": [{"element": "S", "occu": 1}], "abc": [0.70833333, 0.79166667, 0.355174], "xyz": [7.9757891223873765, 17.49833154152864, 5.284635366696002], "label": "S", "properties": {}}], "@version": null}