{"@module": "pymatgen.core.structure", "@class": "Structure", "charge": 0.0, "lattice": {"matrix": [[25.5225256, 0.0, 1.5628039641098191e-15], [-12.761262799999994, 22.10315553833868, 1.5628039641098191e-15], [0.0, 0.0, 14.879004]], "a": 25.5225256, "b": 25.5225256, "c": 14.879004, "alpha": 90.0, "beta": 90.0, "gamma": 119.99999999999999, "volume": 8393.668021812642}, "sites": [{"species": [{"element": "Se", "occu": 1.0}], "abc": [0.83333333, 0.16666667, 0.355174], "xyz": [19.141894072387377, 3.683859330066965, 5.284635366696001], "label": "Se", "properties": {}}, {"species": [{"element": "Se", "occu": 1.0}], "abc": [0.45833333, 0.6666666666666666, 0.355174], "xyz": [3.1903156149249203, 14.735437025559118, 5.284635366696001], "label": "Se", "properties": {}}, {"species": [{"element": "Mo", "occu": 1}], "abc": [0.16666667000000002, 0.45833333, 0.25], "xyz": [-1.595157722387368, 10.13061288139471, 3.719751000000001], "label": "Mo", "properties": {}}], "@version": null}