{"@module": "pymatgen.core.structure", "@class": "Structure", "charge": 0.0, "lattice": {"matrix": [[25.5225256, 0.0, 1.5628039641098191e-15], [-12.761262799999994, 22.10315553833868, 1.5628039641098191e-15], [0.0, 0.0, 14.879004]], "a": 25.5225256, "b": 25.5225256, "c": 14.879004, "alpha": 90.0, "beta": 90.0, "gamma": 119.99999999999999, "volume": 8393.668021812642}, "sites": [{"species": [{"element": "W", "occu": 1.0}], "abc": [0.29166667, 0.20833333, 0.25], "xyz": [4.7854736776126305, 4.60482399681004, 3.719751000000001], "label": "W", "properties": {}}, {"species": [{"element": "S", "occu": 1}], "abc": [0.95833333, 0.54166667, 0.355174], "xyz": [17.546736222387377, 11.97254265694397, 5.284635366696002], "label": "S", "properties": {}}, {"species": [{"element": "S", "occu": 1}], "abc": [0.20833332999999998, 0.04166667, 0.355174], "xyz": [4.785473422387372, 0.9209648877746301, 5.284635366696], "label": "S", "properties": {}}], "@version": null}