{"@module": "pymatgen.core.structure", "@class": "Structure", "charge": 0.0, "lattice": {"matrix": [[25.5225256, 0.0, 1.5628039641098191e-15], [-12.761262799999994, 22.10315553833868, 1.5628039641098191e-15], [0.0, 0.0, 14.879004]], "a": 25.5225256, "b": 25.5225256, "c": 14.879004, "alpha": 90.0, "beta": 90.0, "gamma": 119.99999999999999, "volume": 8393.668021812642}, "sites": [{"species": [{"element": "W", "occu": 1.0}], "abc": [0.29166667, 0.45833333, 0.25], "xyz": [1.5951579776126321, 10.13061288139471, 3.7197510000000014], "label": "W", "properties": {}}, {"species": [{"element": "S", "occu": 1}], "abc": [0.45833333, 0.66666667, 0.355174], "xyz": [3.190315572387377, 14.735437099236306, 5.284635366696001], "label": "S", "properties": {}}, {"species": [{"element": "S", "occu": 1}], "abc": [0.70833333, 0.91666667, 0.355174], "xyz": [6.380631272387377, 20.261225983820975, 5.284635366696002], "label": "S", "properties": {}}], "@version": null}