{"@module": "pymatgen.core.structure", "@class": "Structure", "charge": 0.0, "lattice": {"matrix": [[25.5225256, 0.0, 1.5628039641098191e-15], [-12.761262799999994, 22.10315553833868, 1.5628039641098191e-15], [0.0, 0.0, 14.879004]], "a": 25.5225256, "b": 25.5225256, "c": 14.879004, "alpha": 90.0, "beta": 90.0, "gamma": 119.99999999999999, "volume": 8393.668021812642}, "sites": [{"species": [{"element": "W", "occu": 1.0}], "abc": [0.41666667, 0.58333333, 0.25], "xyz": [3.1903158276126335, 12.893507323687045, 3.719751000000002], "label": "W", "properties": {}}, {"species": [{"element": "S", "occu": 1}], "abc": [0.20833332999999998, 0.66666667, 0.144826], "xyz": [-3.1903158276126247, 14.735437099236306, 2.1548666333040014], "label": "S", "properties": {}}, {"species": [{"element": "S", "occu": 1}], "abc": [0.08333333, 0.79166667, 0.355174], "xyz": [-7.9757893776126245, 17.49833154152864, 5.284635366696001], "label": "S", "properties": {}}], "@version": null}