{"@module": "pymatgen.core.structure", "@class": "Structure", "charge": 0, "lattice": {"matrix": [[25.5225256, 0.0, 1.5628039641098191e-15], [-12.761262799999995, 22.10315553833868, 1.5628039641098191e-15], [0.0, 0.0, 14.879004]], "a": 25.5225256, "b": 25.522525600000005, "c": 14.879004, "alpha": 90.0, "beta": 90.0, "gamma": 119.99999999999999, "volume": 8393.668021812642}, "sites": [{"species": [{"element": "S", "occu": 1}], "abc": [0.95833333, 0.16666667000000002, 0.144826], "xyz": [22.332209772387372, 3.6838593300669653, 2.154866633304002], "label": "S", "properties": {}}, {"species": [{"element": "S", "occu": 1}], "abc": [0.70833333, 0.16666667000000002, 0.355174], "xyz": [15.951578372387372, 3.6838593300669653, 5.284635366696001], "label": "S", "properties": {}}, {"species": [{"element": "Mo", "occu": 1}], "abc": [0.91666667, 0.95833333, 0.25], "xyz": [11.166105077612634, 21.18219065056405, 3.719751000000003], "label": "Mo", "properties": {}}], "@version": null}